id,priority,suggested_filename,title,modeling_use,caution,source,url
01,P1,01_side_near_ortho.jpg,Боковой вид — почти ортографика,"Главный фото-референс для силуэта: кабина, противовес, верхняя платформа, положение стрелы, высота и профиль ходовой.",Перспектива всё равно есть: абсолютные размеры брать только из master drawing.,Made-in-China,https://image.made-in-china.com/2f0j00YMwohfTKEOgs/XCMG-Official-Xe215c-Earth-Moving-20-Ton-Used-Hydraulic-Crawler-Excavator-for-Sale.jpg
02,P1,02_side_clean.jpg,Чистый боковой вид,"Проверка общей пропорции машины, формы кабины и кожухов, длины ходовой и положения поворотной платформы.","Использовать как подтверждение формы, не как размерный эталон.",Machmall,https://www.machmall.com/images/store/357636/item/XE215C%20%28%20%283%29.jpg_l.jpg
03,P1,03_front_view.jpg,Фронтальный вид,"Ширина ходовой, колея, положение кабины относительно оси машины, симметрия башни и стрелы.",Сверять ширину 2990 мм и колею 2390 мм с master drawing.,Mining Dumptruck,https://www.mining-dumptruck.com/photo/pc23731135-xcmg_xe215c_21_5_ton_rc_hydraulic_crawler_excavator_machine_maximum_digging_depth_6655mm.jpg
04,P2,04_rear_3q.jpg,Задний 3/4,"Форма противовеса, задняя крышка, радиусы углов, вентиляционные решётки, стык кабины с моторным отсеком.",Не переносить перспективные расстояния напрямую.,MAXIZM,https://www.maxizm.com/uploadfile/image/20240620/20240620022217_70926.jpg
05,P2,05_side_folded_boom.jpg,Боковой вид со сложенной рабочей группой,"Связь стрелы и рукояти, положения пальцев, длины/точки крепления цилиндров, трассировка гидролиний.","Полезнее для шарниров и механики, чем для общего силуэта.",MAXIZM,https://www.maxizm.com/uploadfile/image/20240620/20240620022159_11045.jpg
06,P2,06_boom_stick_bucket_close.jpg,Стрела → рукоять → ковш крупно,"Сечения стрелы/рукояти, усилители, проушины, гидрошланги, ковшовая тяга и цилиндр ковша.",Мелкие шланги и крепёж лучше делать после утверждения крупных объёмов.,MAXIZM,https://www.maxizm.com/uploadfile/image/20240620/20240620022209_80311.jpg
07,P2,07_undercarriage_front.jpg,Ходовая — фронт/центральная рама,"X-рама/центральная рама, поворотный узел, взаимное положение гусеничных балок и верхней платформы.",Часть деталей может быть показана в сервисной/каталожной конфигурации.,Truck1,https://www.truck1.id/img/ful/19912/Suku-cadang-Consumable-Spare-Parts-List-of-XCMG-XE215C-Excavator-Cina_19912_6658025009828.jpg
08,P2,08_undercarriage_side.jpg,Ходовая — боковой крупный план,"Профиль рамы, нижние/верхние катки, ленивец, башмаки, провисание и толщина гусеницы.",Сверять длину гусеницы и опорную длину с master drawing.,Truck1,https://www.truck1.id/img/xxl/19912/Suku-cadang-Consumable-Spare-Parts-List-of-XCMG-XE215C-Excavator-Cina_19912_49464396006.jpg
09,P2,09_final_drive_track.jpg,Ходовая — приводная часть и гусеница,"Корпус бортового редуктора, ведущая часть, геометрия звеньев, башмаки, ролики и крепёж.",Не перегружать детализацией до финального LOD.,Truck1,https://www.truck1.id/img/xxl/19912/Suku-cadang-Consumable-Spare-Parts-List-of-XCMG-XE215C-Excavator-Cina_19912_9273991753152.jpg
10,P3,10_work_pose_3q.jpg,Рабочая поза 3/4,"Проверка поведения рабочей группы в реальной позе: углы, цилиндры, шланги, ковш, визуальный баланс машины.","Использовать в конце как sanity check, а не для точных пропорций.",China Machine,https://cdn.prod.website-files.com/62d62f9870c0a933e38ed35a/643e0bc2d792072f8d411202_DSC05014.jpg
